[{"__type__":"cc.SpriteFrame","content":{"name":"game_loading2","texture":"4eWyLrvmtMapd5Dqgehwiy","rect":[52,1901,108,37],"offset":[-35,0],"originalSize":[186,37],"rotated":1,"capInsets":[0,0,0,0]}},{"__type__":"cc.SpriteFrame","content":{"name":"background","texture":"4eWyLrvmtMapd5Dqgehwiy","rect":[2,856,480,852],"offset":[0,0],"originalSize":[480,852],"capInsets":[0,0,0,0]}},{"__type__":"cc.SpriteFrame","content":{"name":"game_loading3","texture":"4eWyLrvmtMapd5Dqgehwiy","rect":[433,1748,176,36],"offset":[4,0],"originalSize":[186,38],"rotated":1,"capInsets":[0,0,0,0]}},{"__type__":"cc.SpriteAtlas","_name":"shoot_background.plist","_spriteFrames":{"background":{"__uuid__":"21qwDRF4pKwroqAy8Pi757"},"btn_finish":{"__uuid__":"a0hIrWdzdL7ZQfCWemz7+N"},"game_loading1":{"__uuid__":"8dkXYV1rJF+ZIuClEXO8sC"},"game_loading2":{"__uuid__":"10+QsBNPBPiqq+K3PiWuwu"},"game_loading3":{"__uuid__":"52o9BDwW1Ba4V0Acisntkj"},"game_loading4":{"__uuid__":"d8xAJMo41DHoaUJx8kP1mE"},"gameover":{"__uuid__":"c51VpRHfhEYrrVzRMoDRgr"},"shoot_copyright":{"__uuid__":"dcOVeZLg5KfbDS4ZF0LzJm"}}},{"__type__":"cc.SpriteFrame","content":{"name":"game_loading1","texture":"4eWyLrvmtMapd5Dqgehwiy","rect":[433,1710,48,36],"offset":[-69,0],"originalSize":[186,38],"capInsets":[0,0,0,0]}},{"__type__":"cc.SpriteFrame","content":{"name":"btn_finish","texture":"4eWyLrvmtMapd5Dqgehwiy","rect":[2,1901,140,48],"offset":[0,0],"originalSize":[150,48],"rotated":1,"capInsets":[0,0,0,0]}},{"__type__":"cc.SpriteFrame","content":{"name":"gameover","texture":"4eWyLrvmtMapd5Dqgehwiy","rect":[2,2,480,852],"offset":[0,0],"originalSize":[480,852],"capInsets":[0,0,0,0]}},{"__type__":"cc.SpriteFrame","content":{"name":"game_loading4","texture":"4eWyLrvmtMapd5Dqgehwiy","rect":[484,2,2,4],"offset":[-51,-8],"originalSize":[114,28],"rotated":1,"capInsets":[0,0,0,0]}},{"__type__":"cc.SpriteFrame","content":{"name":"shoot_copyright","texture":"4eWyLrvmtMapd5Dqgehwiy","rect":[2,1710,429,189],"offset":[-1,-15],"originalSize":[441,225],"capInsets":[0,0,0,0]}}]