[{"__type__":"cc.SpriteFrame","content":{"name":"btnbgPress","texture":"7dlBknESxNbJrhCE7MfrX7","rect":[1,1,98,38],"offset":[0,0],"originalSize":[100,40],"capInsets":[16,0,16,0]}},{"__type__":"cc.SpriteFrame","content":{"name":"btnbg","texture":"1fn6SitYxPc4zLOn+6uv3c","rect":[1,1,98,38],"offset":[0,0],"originalSize":[100,40],"capInsets":[17,0,16,0]}},{"__type__":"cc.SpriteFrame","content":{"name":"gameover","texture":"4eWyLrvmtMapd5Dqgehwiy","rect":[2,2,480,852],"offset":[0,0],"originalSize":[480,852],"capInsets":[0,0,0,0]}},[{"__type__":"cc.SceneAsset","_name":"end","scene":{"__id__":1},"asyncLoadAssets":null},{"__type__":"cc.Scene","_name":"New Node","_children":[{"__id__":2}],"_anchorPoint":{"__type__":"cc.Vec2"},"_trs":{"__type__":"TypedArray","ctor":"Float64Array","array":[0,0,0,0,0,0,1,1,1,1]},"autoReleaseAssets":false},{"__type__":"cc.Node","_name":"Canvas","_parent":{"__id__":1},"_children":[{"__id__":3},{"__id__":6}],"_components":[{"__type__":"cc.Canvas","node":{"__id__":2},"_designResolution":{"__type__":"cc.Size","width":640,"height":1136},"_fitWidth":true}],"_contentSize":{"__type__":"cc.Size","width":640,"height":1136},"_trs":{"__type__":"TypedArray","ctor":"Float64Array","array":[320,568,0,0,0,0,1,1,1,1]},"_id":"a83f0gujnhPgK/66UrIBlvH"},{"__type__":"cc.Node","_name":"end","_parent":{"__id__":2},"_components":[{"__type__":"c597br4kitB+7t22tMQBl2k","node":{"__id__":3},"topScore":{"__id__":4},"currentScore":{"__id__":8}}],"_trs":{"__type__":"TypedArray","ctor":"Float64Array","array":[0,0,0,0,0,0,1,1,1,1]}},{"__type__":"cc.Label","node":{"__id__":5},"_useOriginalSize":false,"_string":"0","_N$string":"0","_N$horizontalAlign":1,"_N$verticalAlign":1},{"__type__":"cc.Node","_name":"topScore","_parent":{"__id__":6},"_components":[{"__id__":4},{"__type__":"cc.Widget","node":{"__id__":5},"_wasAlignOnce":{},"isAlignOnce":{},"_alignFlags":17,"_top":138}],"_color":{"__type__":"cc.Color","r":10,"g":1,"b":1},"_contentSize":{"__type__":"cc.Size","width":22.25,"height":40},"_trs":{"__type__":"TypedArray","ctor":"Float64Array","array":[0,410,0,0,0,0,1,1,1,1]}},{"__type__":"cc.Node","_name":"background","_parent":{"__id__":2},"_children":[{"__id__":5},{"__id__":7},{"__id__":9},{"__id__":11},{"__id__":13}],"_components":[{"__type__":"cc.Sprite","node":{"__id__":6},"_spriteFrame":{"__uuid__":"c51VpRHfhEYrrVzRMoDRgr"},"_sizeMode":0}],"_contentSize":{"__type__":"cc.Size","width":640,"height":1136},"_trs":{"__type__":"TypedArray","ctor":"Float64Array","array":[0,0,0,0,0,0,1,1,1,1]}},{"__type__":"cc.Node","_name":"currentScore","_parent":{"__id__":6},"_components":[{"__id__":8},{"__type__":"cc.Widget","node":{"__id__":7},"_wasAlignOnce":{},"isAlignOnce":{},"_alignFlags":17,"_top":515}],"_color":{"__type__":"cc.Color","r":3},"_contentSize":{"__type__":"cc.Size","width":22.25,"height":40},"_trs":{"__type__":"TypedArray","ctor":"Float64Array","array":[0,33,0,0,0,0,1,1,1,1]}},{"__type__":"cc.Label","node":{"__id__":7},"_useOriginalSize":false,"_string":"0","_N$string":"0","_N$horizontalAlign":1,"_N$verticalAlign":1},{"__type__":"cc.Node","_name":"restartGame","_parent":{"__id__":6},"_children":[{"__id__":10}],"_components":[{"__type__":"cc.Sprite","node":{"__id__":9},"_spriteFrame":{"__uuid__":"59uEnPkV1A57+Y3BBxPvYa"},"_type":1,"_sizeMode":0},{"__type__":"cc.Button","node":{"__id__":9},"clickEvents":[{"__type__":"cc.ClickEvent","target":{"__id__":3},"component":"end","handler":"gameRestart"}],"_N$transition":2,"transition":2,"_N$pressedColor":{"__type__":"cc.Color","r":255,"g":255,"b":255},"pressedColor":{"__type__":"cc.Color","r":255,"g":255,"b":255},"_N$disabledColor":{"__type__":"cc.Color","r":255,"g":255,"b":255},"_N$normalSprite":{"__uuid__":"59uEnPkV1A57+Y3BBxPvYa"},"_N$pressedSprite":{"__uuid__":"438/++6oxE7pM3O8zVqL2r"},"pressedSprite":{"__uuid__":"438/++6oxE7pM3O8zVqL2r"},"_N$hoverSprite":{"__uuid__":"438/++6oxE7pM3O8zVqL2r"},"hoverSprite":{"__uuid__":"438/++6oxE7pM3O8zVqL2r"},"_N$disabledSprite":{"__uuid__":"438/++6oxE7pM3O8zVqL2r"},"_N$target":{"__id__":9}}],"_color":{"__type__":"cc.Color","r":196,"g":201,"b":202},"_contentSize":{"__type__":"cc.Size","width":255,"height":50},"_trs":{"__type__":"TypedArray","ctor":"Float64Array","array":[0,-100,0,0,0,0,1,1,1,1]}},{"__type__":"cc.Node","_name":"Label","_parent":{"__id__":9},"_components":[{"__type__":"cc.Label","node":{"__id__":10},"_useOriginalSize":false,"_string":"重新挑战","_N$string":"重新挑战","_fontSize":20,"_enableWrapText":false,"_N$horizontalAlign":1,"_N$verticalAlign":1,"_N$overflow":1}],"_color":{"__type__":"cc.Color"},"_contentSize":{"__type__":"cc.Size","width":100,"height":40},"_trs":{"__type__":"TypedArray","ctor":"Float64Array","array":[0,0,0,0,0,0,1,1,1,1]}},{"__type__":"cc.Node","_name":"exitGame","_parent":{"__id__":6},"_children":[{"__id__":12}],"_components":[{"__type__":"cc.Sprite","node":{"__id__":11},"_spriteFrame":{"__uuid__":"59uEnPkV1A57+Y3BBxPvYa"},"_type":1,"_sizeMode":0},{"__type__":"cc.Button","node":{"__id__":11},"clickEvents":[{"__type__":"cc.ClickEvent","target":{"__id__":3},"component":"end","handler":"gameExit"}],"_N$transition":2,"transition":2,"_N$pressedColor":{"__type__":"cc.Color","r":255,"g":255,"b":255},"pressedColor":{"__type__":"cc.Color","r":255,"g":255,"b":255},"_N$disabledColor":{"__type__":"cc.Color","r":255,"g":255,"b":255},"_N$normalSprite":{"__uuid__":"59uEnPkV1A57+Y3BBxPvYa"},"_N$pressedSprite":{"__uuid__":"438/++6oxE7pM3O8zVqL2r"},"pressedSprite":{"__uuid__":"438/++6oxE7pM3O8zVqL2r"},"_N$hoverSprite":{"__uuid__":"438/++6oxE7pM3O8zVqL2r"},"hoverSprite":{"__uuid__":"438/++6oxE7pM3O8zVqL2r"},"_N$disabledSprite":{"__uuid__":"438/++6oxE7pM3O8zVqL2r"},"_N$target":{"__id__":11}}],"_color":{"__type__":"cc.Color","r":196,"g":201,"b":202},"_contentSize":{"__type__":"cc.Size","width":255,"height":50},"_trs":{"__type__":"TypedArray","ctor":"Float64Array","array":[0,-260,0,0,0,0,1,1,1,1]}},{"__type__":"cc.Node","_name":"Label","_parent":{"__id__":11},"_components":[{"__type__":"cc.Label","node":{"__id__":12},"_useOriginalSize":false,"_string":"退出游戏","_N$string":"退出游戏","_fontSize":20,"_enableWrapText":false,"_N$horizontalAlign":1,"_N$verticalAlign":1,"_N$overflow":1}],"_color":{"__type__":"cc.Color"},"_contentSize":{"__type__":"cc.Size","width":100,"height":40},"_trs":{"__type__":"TypedArray","ctor":"Float64Array","array":[0,0,0,0,0,0,1,1,1,1]}},{"__type__":"cc.Node","_name":"historyScore","_parent":{"__id__":6},"_children":[{"__id__":14}],"_components":[{"__type__":"cc.Sprite","node":{"__id__":13},"_spriteFrame":{"__uuid__":"59uEnPkV1A57+Y3BBxPvYa"},"_type":1,"_sizeMode":0},{"__type__":"cc.Button","node":{"__id__":13},"clickEvents":[{"__type__":"cc.ClickEvent","target":{"__id__":3},"component":"end","handler":"gotoHistoryScore"}],"_N$transition":2,"transition":2,"_N$pressedColor":{"__type__":"cc.Color","r":255,"g":255,"b":255},"pressedColor":{"__type__":"cc.Color","r":255,"g":255,"b":255},"_N$disabledColor":{"__type__":"cc.Color","r":255,"g":255,"b":255},"_N$normalSprite":{"__uuid__":"59uEnPkV1A57+Y3BBxPvYa"},"_N$pressedSprite":{"__uuid__":"438/++6oxE7pM3O8zVqL2r"},"pressedSprite":{"__uuid__":"438/++6oxE7pM3O8zVqL2r"},"_N$hoverSprite":{"__uuid__":"438/++6oxE7pM3O8zVqL2r"},"hoverSprite":{"__uuid__":"438/++6oxE7pM3O8zVqL2r"},"_N$disabledSprite":{"__uuid__":"438/++6oxE7pM3O8zVqL2r"},"_N$target":{"__id__":13}}],"_color":{"__type__":"cc.Color","r":196,"g":201,"b":202},"_contentSize":{"__type__":"cc.Size","width":255,"height":50},"_trs":{"__type__":"TypedArray","ctor":"Float64Array","array":[0,-180,0,0,0,0,1,1,1,1]}},{"__type__":"cc.Node","_name":"Label","_parent":{"__id__":13},"_components":[{"__type__":"cc.Label","node":{"__id__":14},"_useOriginalSize":false,"_string":"历史得分","_N$string":"历史得分","_fontSize":20,"_enableWrapText":false,"_N$horizontalAlign":1,"_N$verticalAlign":1,"_N$overflow":1}],"_color":{"__type__":"cc.Color"},"_contentSize":{"__type__":"cc.Size","width":255,"height":50},"_trs":{"__type__":"TypedArray","ctor":"Float64Array","array":[0,0,0,0,0,0,1,1,1,1]}}]]