[{"__type__":"cc.SpriteFrame","content":{"name":"background","texture":"4eWyLrvmtMapd5Dqgehwiy","rect":[2,856,480,852],"offset":[0,0],"originalSize":[480,852],"capInsets":[0,0,0,0]}},{"__type__":"cc.SpriteFrame","content":{"name":"default_scrollbar_vertical","texture":"d608qFRoFHwbXd0Dap056i","rect":[0,0,15,30],"offset":[0,0],"originalSize":[15,30],"capInsets":[4,10,4,10]}},{"__type__":"cc.SpriteFrame","content":{"name":"default_scrollbar_vertical_bg","texture":"61cyPdEfRN047sDK9rO0W5","rect":[0,0,15,30],"offset":[0,0],"originalSize":[15,30],"capInsets":[4,10,4,10]}},{"__type__":"cc.SpriteFrame","content":{"name":"default_panel","texture":"d8HsitJHxOYqo801xBk8ev","rect":[0,0,20,20],"offset":[0,0],"originalSize":[20,20],"capInsets":[6,6,6,6]}},{"__type__":"cc.SpriteFrame","content":{"name":"btn_finish","texture":"4eWyLrvmtMapd5Dqgehwiy","rect":[2,1901,140,48],"offset":[0,0],"originalSize":[150,48],"rotated":1,"capInsets":[0,0,0,0]}},[{"__type__":"cc.SceneAsset","_name":"historyScore","scene":{"__id__":1},"asyncLoadAssets":null},{"__type__":"cc.Scene","_name":"New Node","_children":[{"__id__":2}],"_anchorPoint":{"__type__":"cc.Vec2"},"_trs":{"__type__":"TypedArray","ctor":"Float64Array","array":[0,0,0,0,0,0,1,1,1,1]},"autoReleaseAssets":false},{"__type__":"cc.Node","_name":"Canvas","_parent":{"__id__":1},"_children":[{"__id__":3},{"__id__":7},{"__id__":13}],"_components":[{"__type__":"cc.Canvas","node":{"__id__":2},"_designResolution":{"__type__":"cc.Size","width":640,"height":1136},"_fitWidth":true}],"_contentSize":{"__type__":"cc.Size","width":640,"height":1136},"_trs":{"__type__":"TypedArray","ctor":"Float64Array","array":[320,568,0,0,0,0,1,1,1,1]},"_id":"9c785j8+6tBEIfwa08MRYbR"},{"__type__":"cc.Node","_name":"historyScore","_parent":{"__id__":2},"_components":[{"__type__":"c11abrWZANO2aVZSE4dxEvW","node":{"__id__":3},"itemPrefab":{"__uuid__":"eaSo/zrLxJkreARsxbgxcV"},"scrollContent":{"__id__":4},"backGame":{"__id__":13}}],"_trs":{"__type__":"TypedArray","ctor":"Float64Array","array":[0,0,0,0,0,0,1,1,1,1]}},{"__type__":"cc.Node","_name":"content","_parent":{"__id__":5},"_components":[{"__type__":"cc.Layout","node":{"__id__":4},"_layoutSize":{"__type__":"cc.Size","width":500,"height":80},"_resize":1,"_N$layoutType":2,"_N$padding":20,"_N$spacingY":60},{"__type__":"cc.Widget","node":{"__id__":4},"_enabled":false,"_wasAlignOnce":{},"isAlignOnce":{},"_alignFlags":41,"_top":40,"_originalWidth":220}],"_contentSize":{"__type__":"cc.Size","width":500,"height":80},"_anchorPoint":{"__type__":"cc.Vec2","x":0.5,"y":1},"_trs":{"__type__":"TypedArray","ctor":"Float64Array","array":[0,383,0,0,0,0,1,1,1,1]}},{"__type__":"cc.Node","_name":"view","_parent":{"__id__":6},"_children":[{"__id__":4}],"_components":[{"__type__":"cc.Mask","node":{"__id__":5}},{"__type__":"cc.Widget","node":{"__id__":5},"_wasAlignOnce":{},"isAlignOnce":{},"_alignFlags":45,"_left":20,"_right":20,"_top":20,"_bottom":20,"_originalWidth":240,"_originalHeight":250}],"_contentSize":{"__type__":"cc.Size","width":500,"height":846},"_trs":{"__type__":"TypedArray","ctor":"Float64Array","array":[0,0,0,0,0,0,1,1,1,1]}},{"__type__":"cc.Node","_name":"score","_parent":{"__id__":7},"_children":[{"__id__":8},{"__id__":5}],"_components":[{"__type__":"cc.Sprite","node":{"__id__":6},"_spriteFrame":{"__uuid__":"9bvaMerUlDyary99mJa6xp"},"_type":1,"_sizeMode":0},{"__id__":12},{"__type__":"cc.Widget","node":{"__id__":6},"_wasAlignOnce":null,"isAlignOnce":null,"_alignFlags":45,"_left":50,"_right":50,"_top":200,"_bottom":50,"_originalWidth":505,"_originalHeight":890}],"_color":{"__type__":"cc.Color","r":184,"g":184,"b":184},"_contentSize":{"__type__":"cc.Size","width":540,"height":886},"_trs":{"__type__":"TypedArray","ctor":"Float64Array","array":[0,-75,0,0,0,0,1,1,1,1]}},{"__type__":"cc.Node","_name":"background","_parent":{"__id__":2},"_children":[{"__id__":6}],"_components":[{"__type__":"cc.Sprite","node":{"__id__":7},"_spriteFrame":{"__uuid__":"21qwDRF4pKwroqAy8Pi757"},"_sizeMode":0}],"_contentSize":{"__type__":"cc.Size","width":640,"height":1136},"_trs":{"__type__":"TypedArray","ctor":"Float64Array","array":[0,0,0,0,0,0,1,1,1,1]}},{"__type__":"cc.Node","_name":"scrollBar","_parent":{"__id__":6},"_children":[{"__id__":9}],"_components":[{"__id__":11},{"__type__":"cc.Widget","node":{"__id__":8},"_wasAlignOnce":{},"isAlignOnce":{},"_alignFlags":37,"_left":350.07654921020657,"_originalHeight":237},{"__type__":"cc.Sprite","node":{"__id__":8},"_spriteFrame":{"__uuid__":"5f5dyqtRNNxaFmVzYns6FZ"},"_type":1,"_sizeMode":0}],"_color":{"__type__":"cc.Color","r":238,"g":217,"b":227},"_contentSize":{"__type__":"cc.Size","width":12,"height":886},"_anchorPoint":{"__type__":"cc.Vec2","x":1,"y":0.5},"_trs":{"__type__":"TypedArray","ctor":"Float64Array","array":[270,0,0,0,0,0,1,1,1,1]}},{"__type__":"cc.Node","_name":"bar","_parent":{"__id__":8},"_components":[{"__id__":10}],"_color":{"__type__":"cc.Color","r":236,"g":241,"b":245},"_contentSize":{"__type__":"cc.Size","width":12,"height":156.9992},"_anchorPoint":{"__type__":"cc.Vec2"},"_trs":{"__type__":"TypedArray","ctor":"Float64Array","array":[-12,286.0008,0,0,0,0,1,1,1,1]}},{"__type__":"cc.Sprite","node":{"__id__":9},"_spriteFrame":{"__uuid__":"5cO7kybDxGj4ipyMYdRYZB"},"_type":1,"_sizeMode":0},{"__type__":"cc.Scrollbar","node":{"__id__":8},"_scrollView":{"__id__":12},"_N$handle":{"__id__":10},"_N$direction":1},{"__type__":"cc.ScrollView","node":{"__id__":6},"horizontal":false,"brake":0.75,"bounceDuration":0.23,"_N$content":{"__id__":4},"content":{"__id__":4},"_N$horizontalScrollBar":null,"_N$verticalScrollBar":{"__id__":11}},{"__type__":"cc.Node","_name":"btn_finish","_parent":{"__id__":2},"_components":[{"__type__":"cc.Sprite","node":{"__id__":13},"_spriteFrame":{"__uuid__":"a0hIrWdzdL7ZQfCWemz7+N"}}],"_contentSize":{"__type__":"cc.Size","width":140,"height":48},"_trs":{"__type__":"TypedArray","ctor":"Float64Array","array":[-1,437,0,0,0,0,1,1,1,1]}}],[{"__type__":"cc.Prefab","_name":"itemTemplate","data":{"__id__":1}},{"__type__":"cc.Node","_name":"itemTemplate","_children":[{"__id__":2},{"__id__":4}],"_components":[{"__type__":"e7aaajpGBdAAaGaUimU4MnH","node":{"__id__":1},"itemScore":{"__id__":3},"itemTime":{"__id__":5}},{"__type__":"cc.Layout","node":{"__id__":1},"_enabled":false,"_layoutSize":{"__type__":"cc.Size","width":640,"height":70},"_N$layoutType":2},{"__type__":"cc.Widget","node":{"__id__":1},"_wasAlignOnce":{},"isAlignOnce":{},"_alignFlags":40,"_bottom":-40,"_originalWidth":300}],"_prefab":{"__type__":"cc.PrefabInfo","root":{"__id__":1},"asset":{"__uuid__":"eaSo/zrLxJkreARsxbgxcV"},"fileId":"af779RV9J9M05Ep6vbN9si4"},"_contentSize":{"__type__":"cc.Size","width":640,"height":70},"_trs":{"__type__":"TypedArray","ctor":"Float64Array","array":[320,-40,0,0,0,0,1,1,1,1]}},{"__type__":"cc.Node","_name":"score","_parent":{"__id__":1},"_components":[{"__id__":3},{"__type__":"cc.Widget","node":{"__id__":2},"_wasAlignOnce":{},"isAlignOnce":{},"_alignFlags":9,"_bottom":10,"_originalHeight":40}],"_prefab":{"__type__":"cc.PrefabInfo","root":{"__id__":1},"asset":{"__uuid__":"eaSo/zrLxJkreARsxbgxcV"},"fileId":"6d9fc6ZLIFJUK8cJs28PKMf"},"_color":{"__type__":"cc.Color","r":233,"g":19,"b":19},"_contentSize":{"__type__":"cc.Size","width":97.87,"height":40},"_trs":{"__type__":"TypedArray","ctor":"Float64Array","array":[-271.065,15,0,0,0,0,1,1,1,1]}},{"__type__":"cc.Label","node":{"__id__":2},"_useOriginalSize":false,"_string":"Label","_N$string":"Label","_N$verticalAlign":1},{"__type__":"cc.Node","_name":"time","_parent":{"__id__":1},"_components":[{"__id__":5},{"__type__":"cc.Widget","node":{"__id__":4},"_wasAlignOnce":{},"isAlignOnce":{},"_alignFlags":9,"_top":50}],"_prefab":{"__type__":"cc.PrefabInfo","root":{"__id__":1},"asset":{"__uuid__":"eaSo/zrLxJkreARsxbgxcV"},"fileId":"05c349xvfFKr5fXfngR+tjH"},"_color":{"__type__":"cc.Color","r":238,"g":91,"b":91},"_contentSize":{"__type__":"cc.Size","width":73.4,"height":30},"_trs":{"__type__":"TypedArray","ctor":"Float64Array","array":[-283.3,-30,0,0,0,0,1,1,1,1]}},{"__type__":"cc.Label","node":{"__id__":4},"_useOriginalSize":false,"_string":"Label","_N$string":"Label","_fontSize":30,"_lineHeight":30,"_N$verticalAlign":1}]]