[[{"__type__":"cc.Prefab","_name":"bullet","data":{"__id__":1}},{"__type__":"cc.Node","_name":"bullet","_components":[{"__type__":"cc.Sprite","node":{"__id__":1},"_spriteFrame":{"__uuid__":"a3ng6NyTJIWLfPx+tWNB0D"}},{"__type__":"81be82YwS9L1LZYufVXSrCP","node":{"__id__":1},"xSpeed":"0","ySpeed":"1500","hpDrop":"1"},{"__type__":"cc.PolygonCollider","node":{"__id__":1},"points":[{"__type__":"cc.Vec2","x":-4.5,"y":-8.17},{"__type__":"cc.Vec2","x":-4.52,"y":8.24},{"__type__":"cc.Vec2","x":-4.52,"y":8.56},{"__type__":"cc.Vec2","x":-1.9,"y":10.53},{"__type__":"cc.Vec2","x":1.52,"y":10.51},{"__type__":"cc.Vec2","x":4.56,"y":7.13},{"__type__":"cc.Vec2","x":4.61,"y":-7.62},{"__type__":"cc.Vec2","x":1.55,"y":-10.51},{"__type__":"cc.Vec2","x":-1.7,"y":-10.57}]}],"_prefab":{"__type__":"cc.PrefabInfo","root":{"__id__":1},"asset":{"__uuid__":"11jUIeT/RPvpR2FS1RPGbW"},"fileId":"5578fAI15hCbJ12gl5b1hXn"},"_contentSize":{"__type__":"cc.Size","width":9,"height":21},"_trs":{"__type__":"TypedArray","ctor":"Float64Array","array":[0,0,0,0,0,0,1,1,1,1]},"_groupIndex":1,"groupIndex":1}],[{"__type__":"cc.Prefab","_name":"enemy1","data":{"__id__":1}},{"__type__":"cc.Node","_name":"enemy1","_components":[{"__type__":"cc.Sprite","node":{"__id__":1},"_spriteFrame":{"__uuid__":"88GBq/aUxHiar/tbAzf3dI"},"_type":1},{"__type__":"cc.PolygonCollider","node":{"__id__":1},"points":[{"__type__":"cc.Vec2","x":-23.7,"y":3.7},{"__type__":"cc.Vec2","x":-22.2,"y":8.6},{"__type__":"cc.Vec2","x":-12.4,"y":18},{"__type__":"cc.Vec2","x":12.2,"y":18.2},{"__type__":"cc.Vec2","x":21.6,"y":10.1},{"__type__":"cc.Vec2","x":26,"y":5},{"__type__":"cc.Vec2","x":14.5,"y":-7.9},{"__type__":"cc.Vec2","x":5.3,"y":-16.4},{"__type__":"cc.Vec2","x":-2.8,"y":-16.5}]},{"__type__":"14abee9CoxCobWl/nmeEUv8","node":{"__id__":1},"yMinSpeed":-50,"yMaxSpeed":-200,"initHP":1,"initSpriteFrame":{"__uuid__":"88GBq/aUxHiar/tbAzf3dI"},"score":1000,"enemyDownClip":{"__uuid__":"4auP7IRu5JZ75XrH5gpP9N"}},{"__type__":"cc.Animation","node":{"__id__":1},"_clips":[{"__uuid__":"1779mMiQtMWpDV6o69y9iy"}]}],"_prefab":{"__type__":"cc.PrefabInfo","root":{"__id__":1},"asset":{"__uuid__":"1401j5aF5A/onldPWFVyuv"},"fileId":"ca65dht/DpOm5QLc6LO8uf1"},"_contentSize":{"__type__":"cc.Size","width":51,"height":39},"_trs":{"__type__":"TypedArray","ctor":"Float64Array","array":[367,540,0,0,0,0,1,1,1,1]},"_groupIndex":2,"groupIndex":2}],{"__type__":"cc.AnimationClip","_name":"enemy1ani","_duration":0.5166666666666667,"curveData":{"comps":{"cc.Sprite":{"spriteFrame":[{"frame":0,"value":{"__uuid__":"edvMUHEldJna8lsgFuodSH"}},{"frame":0.16666666666666666,"value":{"__uuid__":"e4w89sUT5LIKRJ9yju8O4L"}},{"frame":0.3333333333333333,"value":{"__uuid__":"65IIbvf3lCMI4CXYVK3aqy"}},{"frame":0.5,"value":{"__uuid__":"5fuHQmPW9CsKOtjZZrmkOP"}}]}}}},{"__type__":"cc.SpriteFrame","content":{"name":"background","texture":"4eWyLrvmtMapd5Dqgehwiy","rect":[2,856,480,852],"offset":[0,0],"originalSize":[480,852],"capInsets":[0,0,0,0]}},{"__type__":"cc.SpriteFrame","content":{"name":"game_pause_pressed","texture":"24dN97luRPr5+4a08L88m0","rect":[289,2,42,45],"offset":[-1,0],"originalSize":[60,45],"rotated":1,"capInsets":[0,0,0,0]}},{"__type__":"cc.SpriteFrame","content":{"name":"enemy2_down1","texture":"24dN97luRPr5+4a08L88m0","rect":[2,42,69,93],"offset":[0,0],"originalSize":[69,95],"rotated":1,"capInsets":[0,0,0,0]}},[{"__type__":"cc.Prefab","_name":"enemy3","data":{"__id__":1}},{"__type__":"cc.Node","_name":"enemy3","_components":[{"__type__":"cc.Sprite","node":{"__id__":1},"_spriteFrame":{"__uuid__":"4cmT/nEnhCqJhafmloi+Ac"}},{"__type__":"14abee9CoxCobWl/nmeEUv8","node":{"__id__":1},"yMinSpeed":-50,"yMaxSpeed":-50,"initHP":16,"initSpriteFrame":{"__uuid__":"4cmT/nEnhCqJhafmloi+Ac"},"score":16000,"enemyDownClip":{"__uuid__":"31aO7nRFxDqLxb6LCAKWCH"}},{"__type__":"cc.PolygonCollider","node":{"__id__":1},"points":[{"__type__":"cc.Vec2","x":-69,"y":-47},{"__type__":"cc.Vec2","x":-68,"y":121},{"__type__":"cc.Vec2","x":67.2,"y":121},{"__type__":"cc.Vec2","x":66.3,"y":-45.5},{"__type__":"cc.Vec2","x":82.3,"y":-63.9},{"__type__":"cc.Vec2","x":82.4,"y":-74.6},{"__type__":"cc.Vec2","x":39.8,"y":-117.2},{"__type__":"cc.Vec2","x":23.3,"y":-117},{"__type__":"cc.Vec2","x":16.2,"y":-108.9},{"__type__":"cc.Vec2","x":-14.2,"y":-109.5},{"__type__":"cc.Vec2","x":-20,"y":-116},{"__type__":"cc.Vec2","x":-40,"y":-117},{"__type__":"cc.Vec2","x":-85,"y":-70}]},{"__type__":"cc.Animation","node":{"__id__":1},"_clips":[{"__uuid__":"5bdp3Ok2RAnYeIskbSSoB6"}]}],"_prefab":{"__type__":"cc.PrefabInfo","root":{"__id__":1},"asset":{"__uuid__":"2dxtUUuGRM+akci03gJU9D"},"fileId":"3fd73RfifJL0Y8+fB4/bB76"},"_contentSize":{"__type__":"cc.Size","width":165,"height":246},"_trs":{"__type__":"TypedArray","ctor":"Float64Array","array":[0,0,0,0,0,0,1,1,1,1]},"_groupIndex":2,"groupIndex":2}],{"__type__":"cc.AudioClip","_name":"get_double_laser","_native":".mp3"},{"__type__":"cc.AudioClip","_name":"enemy3_down","_native":".mp3"},[{"__type__":"cc.Prefab","_name":"doubleLaser","data":{"__id__":1}},{"__type__":"cc.Node","_name":"doubleLaser","_components":[{"__type__":"cc.Sprite","node":{"__id__":1},"_spriteFrame":{"__uuid__":"derOJg8lVDa5Zy2SARHgvt"}},{"__type__":"81be82YwS9L1LZYufVXSrCP","node":{"__id__":1},"xSpeed":"0","ySpeed":"1500","hpDrop":"1"},{"__type__":"cc.PolygonCollider","node":{"__id__":1},"points":[{"__type__":"cc.Vec2","x":-1.08,"y":-10.47},{"__type__":"cc.Vec2","x":-4.57,"y":-5.88},{"__type__":"cc.Vec2","x":-4.44,"y":6.77},{"__type__":"cc.Vec2","x":-1.18,"y":10.47},{"__type__":"cc.Vec2","x":1.9,"y":10.51},{"__type__":"cc.Vec2","x":4.48,"y":5.83},{"__type__":"cc.Vec2","x":4.57,"y":-6.15},{"__type__":"cc.Vec2","x":1.28,"y":-10.5}]}],"_prefab":{"__type__":"cc.PrefabInfo","root":{"__id__":1},"asset":{"__uuid__":"36i3V/I+BKWY/5+etitYrn"},"fileId":"402433d8ZxEs7dtdBHn96Qb"},"_contentSize":{"__type__":"cc.Size","width":9,"height":21},"_trs":{"__type__":"TypedArray","ctor":"Float64Array","array":[0,0,0,0,0,0,1,1,1,1]},"_groupIndex":1,"groupIndex":1}],{"__type__":"cc.AnimationClip","_name":"hero","_duration":0.18333333333333332,"wrapMode":2,"curveData":{"comps":{"cc.Sprite":{"spriteFrame":[{"frame":0,"value":{"__uuid__":"ccuzMI4xtCWKPWpVN6Qqmf"}},{"frame":0.16666666666666666,"value":{"__uuid__":"c1JGWqw6FBKLwRHqI8oUnt"}}]}}}},{"__type__":"cc.SpriteFrame","content":{"name":"hero_blowup_n3","texture":"24dN97luRPr5+4a08L88m0","rect":[494,62,98,124],"offset":[0,-1],"originalSize":[102,126],"rotated":1,"capInsets":[0,0,0,0]}},{"__type__":"cc.AudioClip","_name":"enemy1_down","_native":".mp3"},{"__type__":"cc.SpriteFrame","content":{"name":"game_resume_nor","texture":"24dN97luRPr5+4a08L88m0","rect":[91,2,38,41],"offset":[3,0],"originalSize":[60,45],"rotated":1,"capInsets":[0,0,0,0]}},{"__type__":"cc.SpriteFrame","content":{"name":"enemy3_n1","texture":"24dN97luRPr5+4a08L88m0","rect":[517,342,165,246],"offset":[0,4],"originalSize":[169,258],"rotated":1,"capInsets":[0,0,0,0]}},{"__type__":"cc.AnimationClip","_name":"enemy2ani","_duration":0.5166666666666667,"curveData":{"comps":{"cc.Sprite":{"spriteFrame":[{"frame":0,"value":{"__uuid__":"2dEU3nUgJLkp0ETKtFswef"}},{"frame":0.16666666666666666,"value":{"__uuid__":"dcaqTO8mBJ5q4gGfADTF+Q"}},{"frame":0.3333333333333333,"value":{"__uuid__":"6bOd36ZaZBG6UlHK66is+3"}},{"frame":0.5,"value":{"__uuid__":"e8dI5S1cFE6Zm1EUeSpmpM"}}]}}}},[{"__type__":"cc.Prefab","_name":"hero_blowup_ani","data":{"__id__":1}},{"__type__":"cc.Node","_name":"hero_blowup_n1","_components":[{"__type__":"cc.Sprite","node":{"__id__":1},"_spriteFrame":{"__uuid__":"d61oYJh/5EQ7EO3BD+roM6"}},{"__type__":"cc.Animation","node":{"__id__":1},"_defaultClip":{"__uuid__":"d3oRDny6pJ57xPq5iZrfBm"},"_clips":[{"__uuid__":"d3oRDny6pJ57xPq5iZrfBm"}],"playOnLoad":true}],"_prefab":{"__type__":"cc.PrefabInfo","root":{"__id__":1},"asset":{"__uuid__":"52P2Cvye9C/aDLBLxWeQ4w"},"fileId":"233876d5FtC/ammJKTLqvXm"},"_contentSize":{"__type__":"cc.Size","width":98,"height":124},"_trs":{"__type__":"TypedArray","ctor":"Float64Array","array":[0,0,0,0,0,0,1,1,1,1]}}],{"__type__":"cc.SpriteFrame","content":{"name":"enemy3_down1","texture":"24dN97luRPr5+4a08L88m0","rect":[2,324,165,255],"offset":[0,1],"originalSize":[165,261],"rotated":1,"capInsets":[0,0,0,0]}},[{"__type__":"cc.SceneAsset","_name":"main","scene":{"__id__":1},"asyncLoadAssets":null},{"__type__":"cc.Scene","_name":"New Node","_children":[{"__id__":2},{"__id__":11}],"_anchorPoint":{"__type__":"cc.Vec2"},"_trs":{"__type__":"TypedArray","ctor":"Float64Array","array":[0,0,0,0,0,0,1,0.1963990977112676,0.1963990977112676,1]},"autoReleaseAssets":false},{"__type__":"cc.Node","_name":"Canvas","_parent":{"__id__":1},"_children":[{"__id__":3},{"__id__":4},{"__id__":5}],"_components":[{"__type__":"cc.Canvas","node":{"__id__":2},"_designResolution":{"__type__":"cc.Size","width":640,"height":1136},"_fitWidth":true}],"_contentSize":{"__type__":"cc.Size","width":640,"height":1136},"_trs":{"__type__":"TypedArray","ctor":"Float64Array","array":[320,568,0,0,0,0,1,1,1,1]},"_id":"866f7miinhNlqeLL5aeUepq"},{"__type__":"cc.Node","_name":"Main Camera","_parent":{"__id__":2},"_components":[{"__type__":"cc.Camera","node":{"__id__":3},"_clearFlags":7,"_depth":-1}],"_trs":{"__type__":"TypedArray","ctor":"Float64Array","array":[0,0,0,0,0,0,1,1,1,1]}},{"__type__":"cc.Node","_name":"common","_parent":{"__id__":2},"_components":[{"__type__":"67917VzMgFG4LdHbqjwaGkY","node":{"__id__":4}}],"_trs":{"__type__":"TypedArray","ctor":"Float64Array","array":[0,0,0,0,0,0,1,1,1,1]}},{"__type__":"cc.Node","_name":"background","_parent":{"__id__":2},"_children":[{"__id__":6},{"__id__":20},{"__id__":8},{"__id__":13},{"__id__":24},{"__id__":14},{"__id__":22},{"__id__":18}],"_components":[{"__type__":"cc.Sprite","node":{"__id__":5},"_spriteFrame":{"__uuid__":"21qwDRF4pKwroqAy8Pi757"},"_sizeMode":0}],"_contentSize":{"__type__":"cc.Size","width":640,"height":1136},"_trs":{"__type__":"TypedArray","ctor":"Float64Array","array":[0,0,0,0,0,0,1,1,1,1]}},{"__type__":"cc.Node","_name":"bulletGroup","_parent":{"__id__":5},"_components":[{"__id__":7},{"__type__":"cc.Widget","node":{"__id__":6},"alignMode":0,"_alignFlags":45}],"_contentSize":{"__type__":"cc.Size","width":640,"height":1136},"_trs":{"__type__":"TypedArray","ctor":"Float64Array","array":[0,0,0,0,0,0,1,1,1,1]}},{"__type__":"3d2d93zegRMeaoaPHxucDMn","node":{"__id__":6},"bulletInfinite":{"__type__":"bulletInfinite","name":"bullet","freqTime":0.1,"initPollCount":10,"prefab":{"__uuid__":"11jUIeT/RPvpR2FS1RPGbW"},"position":[{"__type__":"bPosition","xAxis":"0","yAxis":"0"}]},"bulletFiniteG":[{"__type__":"bulletFiniteG","name":"doubleLaser","freqTime":0.1,"initPollCount":20,"prefab":{"__uuid__":"36i3V/I+BKWY/5+etitYrn"},"position":[{"__type__":"bPosition","xAxis":"this.hero.width/2","yAxis":"0"},{"__type__":"bPosition","xAxis":"-this.hero.width/2","yAxis":"0"}],"finiteTime":90,"orginName":"ufoBullet"}],"hero":{"__id__":8}},{"__type__":"cc.Node","_name":"hero","_parent":{"__id__":5},"_components":[{"__type__":"cc.Sprite","node":{"__id__":8},"_spriteFrame":{"__uuid__":"ccuzMI4xtCWKPWpVN6Qqmf"},"_isTrimmedMode":false},{"__id__":9},{"__type__":"cc.PolygonCollider","node":{"__id__":8},"points":[{"__type__":"cc.Vec2","x":-48,"y":-15.6},{"__type__":"cc.Vec2","x":-36.1,"y":17.8},{"__type__":"cc.Vec2","x":-4.49,"y":58.89},{"__type__":"cc.Vec2","x":0.61,"y":62.3},{"__type__":"cc.Vec2","x":6.5,"y":58.9},{"__type__":"cc.Vec2","x":36.6,"y":16.4},{"__type__":"cc.Vec2","x":49.3,"y":-15.6},{"__type__":"cc.Vec2","x":49.2,"y":-25},{"__type__":"cc.Vec2","x":35.5,"y":-62.1},{"__type__":"cc.Vec2","x":-31.6,"y":-61.8},{"__type__":"cc.Vec2","x":-49.1,"y":-25.1}]},{"__type__":"cc.Animation","node":{"__id__":8},"_defaultClip":{"__uuid__":"3axekMcxJIyLiuzRyqhBkK"},"_clips":[{"__uuid__":"3axekMcxJIyLiuzRyqhBkK"}],"playOnLoad":true}],"_contentSize":{"__type__":"cc.Size","width":100,"height":124},"_trs":{"__type__":"TypedArray","ctor":"Float64Array","array":[12,-364,0,0,0,0,1,1,1,1]},"_groupIndex":3,"groupIndex":3},{"__type__":"3f0ccHUefxOLK9+K5/zp2v4","node":{"__id__":8},"blowupani":{"__uuid__":"52P2Cvye9C/aDLBLxWeQ4w"},"gameOverClip":{"__uuid__":"6aSkAtFHdDe49A9PgNPFNS"},"main":{"__id__":10},"bulletGroup":{"__id__":7}},{"__type__":"6afa0phF7dPka/zlZtFFHow","node":{"__id__":11},"pause":{"__id__":12},"btnSprite":[{"__uuid__":"d5UYOsuFVDNLOoT4ggN0WC"},{"__uuid__":"23D2XsChpIZY4HYYApKhaE"},{"__uuid__":"4cFYbVtxJFz6NQAf0nrUgf"},{"__uuid__":"c6Vz+cMclFaYlJKKFo/zzB"}],"bomb":{"__id__":14},"gameMusic":{"__id__":17},"useBombClip":{"__uuid__":"69w/z3JYpJg6/X2Kd6m5b7"},"enemyGroup":{"__id__":19},"hero":{"__id__":9},"ufoGroup":{"__id__":21},"bulletGroup":{"__id__":7},"scoreDisplay":{"__id__":23},"bombNoDisplay":{"__id__":16}},{"__type__":"cc.Node","_name":"main","_parent":{"__id__":1},"_components":[{"__id__":10}],"_trs":{"__type__":"TypedArray","ctor":"Float64Array","array":[0,0,0,0,0,0,1,1,1,1]},"_id":"c777cawIAJNqJDaK4GyUBeO"},{"__type__":"cc.Button","node":{"__id__":13},"clickEvents":[{"__type__":"cc.ClickEvent","target":{"__id__":11},"component":"main","handler":"pauseClick"}],"_N$transition":2,"transition":2,"_N$pressedColor":{"__type__":"cc.Color","r":255,"g":255,"b":255},"pressedColor":{"__type__":"cc.Color","r":255,"g":255,"b":255},"_N$disabledColor":{"__type__":"cc.Color","r":255,"g":255,"b":255},"_N$normalSprite":{"__uuid__":"d5UYOsuFVDNLOoT4ggN0WC"},"_N$pressedSprite":{"__uuid__":"23D2XsChpIZY4HYYApKhaE"},"pressedSprite":{"__uuid__":"23D2XsChpIZY4HYYApKhaE"},"_N$hoverSprite":{"__uuid__":"23D2XsChpIZY4HYYApKhaE"},"hoverSprite":{"__uuid__":"23D2XsChpIZY4HYYApKhaE"},"_N$disabledSprite":{"__uuid__":"23D2XsChpIZY4HYYApKhaE"},"_N$target":{"__id__":13}},{"__type__":"cc.Node","_name":"pause","_parent":{"__id__":5},"_components":[{"__type__":"cc.Sprite","node":{"__id__":13},"_spriteFrame":{"__uuid__":"d5UYOsuFVDNLOoT4ggN0WC"},"_type":1,"_sizeMode":0},{"__id__":12},{"__type__":"cc.Widget","node":{"__id__":13},"alignMode":0,"_alignFlags":9,"_left":50,"_top":50}],"_contentSize":{"__type__":"cc.Size","width":50,"height":50},"_trs":{"__type__":"TypedArray","ctor":"Float64Array","array":[-245,493,0,0,0,0,1,1,1,1]}},{"__type__":"cc.Node","_name":"bomb","_parent":{"__id__":5},"_children":[{"__id__":15}],"_components":[{"__type__":"cc.Sprite","node":{"__id__":14},"_spriteFrame":{"__uuid__":"fax2ujYo5BDph3OoSLp3k8"}}],"_contentSize":{"__type__":"cc.Size","width":63,"height":53},"_trs":{"__type__":"TypedArray","ctor":"Float64Array","array":[-242,-500,0,0,0,0,1,1,1,1]}},{"__type__":"cc.Node","_name":"bombNo","_parent":{"__id__":14},"_components":[{"__id__":16},{"__type__":"cc.Widget","node":{"__id__":15},"alignMode":0,"_alignFlags":9,"_left":-1.0900000000000007,"_top":-10}],"_color":{"__type__":"cc.Color","r":45,"g":21,"b":219},"_contentSize":{"__type__":"cc.Size","width":11.12,"height":20},"_trs":{"__type__":"TypedArray","ctor":"Float64Array","array":[-27.030000000000005,26.5,0,0,0,0,1,1,1,1]}},{"__type__":"cc.Label","node":{"__id__":15},"_useOriginalSize":false,"_string":"0","_N$string":"0","_fontSize":20,"_lineHeight":20,"_N$verticalAlign":1},{"__type__":"cc.AudioSource","node":{"__id__":18},"_clip":{"__uuid__":"5fyRmubGVAJ59asOEszfng"},"_volume":0.5,"_loop":true},{"__type__":"cc.Node","_name":"gameMusic","_parent":{"__id__":5},"_components":[{"__id__":17}],"_trs":{"__type__":"TypedArray","ctor":"Float64Array","array":[0,0,0,0,0,0,1,1,1,1]}},{"__type__":"703caNdSJBMG5jxYvPFwWvP","node":{"__id__":20},"enemyG":[{"__type__":"enemyG","name":"enemy1","freqTime":0.3,"initPollCount":20,"prefab":{"__uuid__":"1401j5aF5A/onldPWFVyuv"}},{"__type__":"enemyG","name":"enemy2","freqTime":2,"initPollCount":10,"prefab":{"__uuid__":"eb/7Jsz/FOV5PagAsy94sE"}},{"__type__":"enemyG","name":"enemy3","freqTime":10,"initPollCount":4,"prefab":{"__uuid__":"2dxtUUuGRM+akci03gJU9D"}}],"main":{"__id__":10}},{"__type__":"cc.Node","_name":"enemyGroup","_parent":{"__id__":5},"_components":[{"__id__":19},{"__type__":"cc.Widget","node":{"__id__":20},"alignMode":0,"_alignFlags":45}],"_contentSize":{"__type__":"cc.Size","width":640,"height":1136},"_trs":{"__type__":"TypedArray","ctor":"Float64Array","array":[0,0,0,0,0,0,1,1,1,1]}},{"__type__":"07c58NeAQVELrP3L2RCOyrA","node":{"__id__":22},"ufoG":[{"__type__":"ufoG","name":"ufoBullet","freqTime":20,"prefab":{"__uuid__":"d1c+x8L39MsqYleehJeba6"},"initPoolCount":1,"maxDelay":20},{"__type__":"ufoG","name":"ufoBomb","freqTime":30,"prefab":{"__uuid__":"aa4uaJwoBFq5s9KNghdkM7"},"initPoolCount":1,"maxDelay":10}]},{"__type__":"cc.Node","_name":"ufoGroup","_parent":{"__id__":5},"_components":[{"__id__":21},{"__type__":"cc.Widget","node":{"__id__":22},"alignMode":0,"_alignFlags":45}],"_contentSize":{"__type__":"cc.Size","width":640,"height":1136},"_trs":{"__type__":"TypedArray","ctor":"Float64Array","array":[0,0,0,0,0,0,1,1,1,1]}},{"__type__":"cc.Label","node":{"__id__":24},"_useOriginalSize":false,"_string":"0","_N$string":"0","_N$verticalAlign":1,"_N$overflow":2},{"__type__":"cc.Node","_name":"score","_parent":{"__id__":5},"_components":[{"__id__":23},{"__type__":"cc.Widget","node":{"__id__":24},"alignMode":0,"_alignFlags":9,"_left":120,"_top":55}],"_color":{"__type__":"cc.Color","r":7},"_contentSize":{"__type__":"cc.Size","width":507.15,"height":40},"_trs":{"__type__":"TypedArray","ctor":"Float64Array","array":[53.57499999999999,493,0,0,0,0,1,1,1,1]}}],{"__type__":"cc.AnimationClip","_name":"enemy3ani","_duration":0.85,"curveData":{"comps":{"cc.Sprite":{"spriteFrame":[{"frame":0,"value":{"__uuid__":"54djlai8VKoZkaYHUqy5v6"}},{"frame":0.16666666666666666,"value":{"__uuid__":"54djlai8VKoZkaYHUqy5v6"}},{"frame":0.3333333333333333,"value":{"__uuid__":"a36vPAfaJKUpUfMXx8tBjl"}},{"frame":0.5,"value":{"__uuid__":"cbSlQwvpVP67bs7c2qgUND"}},{"frame":0.6666666666666666,"value":{"__uuid__":"f3t7p70ABCG7g/DVtOZW9E"}},{"frame":0.8333333333333334,"value":{"__uuid__":"deRG/4JcpDY5E5vBH0GQo6"}}]}}}},{"__type__":"cc.SpriteFrame","content":{"name":"enemy1_down4","texture":"24dN97luRPr5+4a08L88m0","rect":[240,2,47,39],"offset":[0,-3],"originalSize":[57,51],"capInsets":[0,0,0,0]}},{"__type__":"cc.AudioClip","_name":"game_music","_native":".mp3"},{"__type__":"cc.SpriteFrame","content":{"name":"enemy1_down3","texture":"24dN97luRPr5+4a08L88m0","rect":[436,2,57,51],"offset":[0,0],"originalSize":[57,51],"capInsets":[0,0,0,0]}},{"__type__":"cc.AudioClip","_name":"use_bomb","_native":".mp3"},{"__type__":"cc.AudioClip","_name":"game_over","_native":".mp3"},{"__type__":"cc.SpriteFrame","content":{"name":"enemy2_down3","texture":"24dN97luRPr5+4a08L88m0","rect":[273,46,69,95],"offset":[0,0],"originalSize":[69,95],"rotated":1,"capInsets":[0,0,0,0]}},{"__type__":"cc.SpriteFrame","content":{"name":"hero_blowup_n4","texture":"24dN97luRPr5+4a08L88m0","rect":[755,2,66,78],"offset":[0,5],"originalSize":[102,126],"rotated":1,"capInsets":[0,0,0,0]}},{"__type__":"cc.SpriteFrame","content":{"name":"ufo1","texture":"24dN97luRPr5+4a08L88m0","rect":[560,2,58,88],"offset":[0,0],"originalSize":[58,88],"rotated":1,"capInsets":[0,0,0,0]}},{"__type__":"cc.SpriteFrame","content":{"name":"enemy2","texture":"24dN97luRPr5+4a08L88m0","rect":[835,2,69,89],"offset":[0,3],"originalSize":[69,99],"rotated":1,"capInsets":[0,0,0,0]}},{"__type__":"cc.SpriteFrame","content":{"name":"enemy2_hit","texture":"24dN97luRPr5+4a08L88m0","rect":[97,43,69,95],"offset":[0,0],"originalSize":[69,99],"rotated":1,"capInsets":[0,0,0,0]}},{"__type__":"cc.SpriteFrame","content":{"name":"enemy1","texture":"24dN97luRPr5+4a08L88m0","rect":[187,2,51,39],"offset":[0,-1],"originalSize":[57,43],"capInsets":[0,0,0,0]}},{"__type__":"cc.SpriteFrame","content":{"name":"bullet1","texture":"24dN97luRPr5+4a08L88m0","rect":[25,2,9,21],"offset":[0,0],"originalSize":[9,21],"rotated":1,"capInsets":[0,0,0,0]}},{"__type__":"cc.SpriteFrame","content":{"name":"enemy3_down3","texture":"24dN97luRPr5+4a08L88m0","rect":[259,331,165,256],"offset":[0,2],"originalSize":[165,260],"rotated":1,"capInsets":[0,0,0,0]}},[{"__type__":"cc.Prefab","_name":"ufoBomb","data":{"__id__":1}},{"__type__":"cc.Node","_name":"ufoBomb","_components":[{"__type__":"cc.Sprite","node":{"__id__":1},"_spriteFrame":{"__uuid__":"ffqwzpj15KDIn8HnOpe8Dl"}},{"__type__":"cc.BoxCollider","node":{"__id__":1},"_offset":{"__type__":"cc.Vec2","x":0.4},"_size":{"__type__":"cc.Size","width":56.4,"height":103.1}},{"__type__":"1e7a0zfIuJA+Kn9DAfY5544","node":{"__id__":1},"yMinSpeed":-200,"yMaxSpeed":-200,"getUfoClip":{"__uuid__":"d7OVPknVZEtpM9Y+Uun8uo"}}],"_prefab":{"__type__":"cc.PrefabInfo","root":{"__id__":1},"asset":{"__uuid__":"aa4uaJwoBFq5s9KNghdkM7"},"fileId":"3783aIesWlOSI6SS4eJG/Ek"},"_contentSize":{"__type__":"cc.Size","width":60,"height":103},"_trs":{"__type__":"TypedArray","ctor":"Float64Array","array":[0,0,0,0,0,0,1,1,1,1]},"_groupIndex":4,"groupIndex":4}],{"__type__":"cc.SpriteFrame","content":{"name":"enemy3_hit","texture":"24dN97luRPr5+4a08L88m0","rect":[721,175,165,256],"offset":[0,0],"originalSize":[169,258],"rotated":1,"capInsets":[0,0,0,0]}},{"__type__":"cc.SpriteFrame","content":{"name":"hero_blowup_n2","texture":"24dN97luRPr5+4a08L88m0","rect":[620,64,98,124],"offset":[0,-1],"originalSize":[102,126],"rotated":1,"capInsets":[0,0,0,0]}},{"__type__":"cc.SpriteFrame","content":{"name":"hero2","texture":"24dN97luRPr5+4a08L88m0","rect":[370,55,100,122],"offset":[0,1],"originalSize":[102,126],"rotated":1,"capInsets":[0,0,0,0]}},{"__type__":"cc.SpriteFrame","content":{"name":"game_resume_pressed","texture":"24dN97luRPr5+4a08L88m0","rect":[48,2,38,41],"offset":[3,0],"originalSize":[60,45],"rotated":1,"capInsets":[0,0,0,0]}},{"__type__":"cc.AudioClip","_name":"enemy2_down","_native":".mp3"},{"__type__":"cc.SpriteFrame","content":{"name":"enemy3_down4","texture":"24dN97luRPr5+4a08L88m0","rect":[207,157,165,255],"offset":[0,2],"originalSize":[165,261],"rotated":1,"capInsets":[0,0,0,0]}},{"__type__":"cc.SpriteFrame","content":{"name":"hero1","texture":"24dN97luRPr5+4a08L88m0","rect":[872,73,100,124],"offset":[0,0],"originalSize":[102,126],"rotated":1,"capInsets":[0,0,0,0]}},[{"__type__":"cc.Prefab","_name":"ufoBullet","data":{"__id__":1}},{"__type__":"cc.Node","_name":"ufoBullet","_components":[{"__type__":"cc.Sprite","node":{"__id__":1},"_spriteFrame":{"__uuid__":"7aELrfo8dNXoOAfWaSKa6k"}},{"__type__":"cc.BoxCollider","node":{"__id__":1},"_offset":{"__type__":"cc.Vec2","x":0.9,"y":0.4},"_size":{"__type__":"cc.Size","width":55.4,"height":84.8}},{"__type__":"1e7a0zfIuJA+Kn9DAfY5544","node":{"__id__":1},"yMinSpeed":-200,"yMaxSpeed":-200,"getUfoClip":{"__uuid__":"30JfnJ5JlBC6E5caziF72t"}}],"_prefab":{"__type__":"cc.PrefabInfo","root":{"__id__":1},"asset":{"__uuid__":"d1c+x8L39MsqYleehJeba6"},"fileId":"7d34dlF/ItAT7OxWiAHDBsz"},"_contentSize":{"__type__":"cc.Size","width":58,"height":88},"_trs":{"__type__":"TypedArray","ctor":"Float64Array","array":[0,0,0,0,0,0,1,1,1,1]},"_groupIndex":4,"groupIndex":4}],{"__type__":"cc.AnimationClip","_name":"hero_blowup_ani","_duration":0.5166666666666667,"curveData":{"comps":{"cc.Sprite":{"spriteFrame":[{"frame":0,"value":{"__uuid__":"d61oYJh/5EQ7EO3BD+roM6"}},{"frame":0.16666666666666666,"value":{"__uuid__":"bbVL3vbXNOxrwWkVLGp6xB"}},{"frame":0.3333333333333333,"value":{"__uuid__":"41P/QjUM9DSJoo/k7mwa03"}},{"frame":0.5,"value":{"__uuid__":"77bb93mUNDp7zFSFXhd+yi"}}]}}}},{"__type__":"cc.SpriteFrame","content":{"name":"game_pause_nor","texture":"24dN97luRPr5+4a08L88m0","rect":[336,2,42,45],"offset":[-1,0],"originalSize":[60,45],"rotated":1,"capInsets":[0,0,0,0]}},{"__type__":"cc.SpriteFrame","content":{"name":"hero_blowup_n1","texture":"24dN97luRPr5+4a08L88m0","rect":[746,73,98,124],"offset":[0,-1],"originalSize":[102,126],"rotated":1,"capInsets":[0,0,0,0]}},{"__type__":"cc.AudioClip","_name":"get_bomb","_native":".mp3"},{"__type__":"cc.SpriteFrame","content":{"name":"enemy2_down2","texture":"24dN97luRPr5+4a08L88m0","rect":[926,2,69,93],"offset":[0,0],"originalSize":[69,95],"rotated":1,"capInsets":[0,0,0,0]}},{"__type__":"cc.SpriteFrame","content":{"name":"enemy3_n2","texture":"24dN97luRPr5+4a08L88m0","rect":[765,342,165,250],"offset":[0,3],"originalSize":[169,258],"rotated":1,"capInsets":[0,0,0,0]}},{"__type__":"cc.SpriteFrame","content":{"name":"enemy3_down6","texture":"24dN97luRPr5+4a08L88m0","rect":[2,114,144,203],"offset":[-8,18],"originalSize":[166,261],"rotated":1,"capInsets":[0,0,0,0]}},{"__type__":"cc.SpriteFrame","content":{"name":"bullet2","texture":"24dN97luRPr5+4a08L88m0","rect":[2,2,9,21],"offset":[0,0],"originalSize":[9,21],"rotated":1,"capInsets":[0,0,0,0]}},{"__type__":"cc.SpriteFrame","content":{"name":"enemy1_down2","texture":"24dN97luRPr5+4a08L88m0","rect":[383,2,51,47],"offset":[0,-2],"originalSize":[57,51],"capInsets":[0,0,0,0]}},{"__type__":"cc.SpriteFrame","content":{"name":"enemy3_down2","texture":"24dN97luRPr5+4a08L88m0","rect":[464,164,165,255],"offset":[0,2],"originalSize":[165,261],"rotated":1,"capInsets":[0,0,0,0]}},{"__type__":"cc.SpriteFrame","content":{"name":"enemy2_down4","texture":"24dN97luRPr5+4a08L88m0","rect":[194,43,69,77],"offset":[0,-4],"originalSize":[69,95],"rotated":1,"capInsets":[0,0,0,0]}},{"__type__":"cc.SpriteAtlas","_name":"shoot.plist","_spriteFrames":{"bomb":{"__uuid__":"fax2ujYo5BDph3OoSLp3k8"},"bullet1":{"__uuid__":"a3ng6NyTJIWLfPx+tWNB0D"},"bullet2":{"__uuid__":"derOJg8lVDa5Zy2SARHgvt"},"enemy1":{"__uuid__":"88GBq/aUxHiar/tbAzf3dI"},"enemy1_down1":{"__uuid__":"edvMUHEldJna8lsgFuodSH"},"enemy1_down2":{"__uuid__":"e4w89sUT5LIKRJ9yju8O4L"},"enemy1_down3":{"__uuid__":"65IIbvf3lCMI4CXYVK3aqy"},"enemy1_down4":{"__uuid__":"5fuHQmPW9CsKOtjZZrmkOP"},"enemy2":{"__uuid__":"7fuBjTAvJNX4I8zvV/Jff6"},"enemy2_down1":{"__uuid__":"2dEU3nUgJLkp0ETKtFswef"},"enemy2_down2":{"__uuid__":"dcaqTO8mBJ5q4gGfADTF+Q"},"enemy2_down3":{"__uuid__":"6bOd36ZaZBG6UlHK66is+3"},"enemy2_down4":{"__uuid__":"e8dI5S1cFE6Zm1EUeSpmpM"},"enemy2_hit":{"__uuid__":"84UdcMSI1M9LX3KAeB8zct"},"enemy3_down1":{"__uuid__":"54djlai8VKoZkaYHUqy5v6"},"enemy3_down2":{"__uuid__":"e48ox/ub1KEKRRfPV40K4Z"},"enemy3_down3":{"__uuid__":"a36vPAfaJKUpUfMXx8tBjl"},"enemy3_down4":{"__uuid__":"cbSlQwvpVP67bs7c2qgUND"},"enemy3_down5":{"__uuid__":"f3t7p70ABCG7g/DVtOZW9E"},"enemy3_down6":{"__uuid__":"deRG/4JcpDY5E5vBH0GQo6"},"enemy3_hit":{"__uuid__":"bbAp4hiqBKeo6VVJW1W0W+"},"enemy3_n1":{"__uuid__":"4cmT/nEnhCqJhafmloi+Ac"},"enemy3_n2":{"__uuid__":"ddfGRae31G8KmxAJLZ9oV/"},"game_pause_nor":{"__uuid__":"d5UYOsuFVDNLOoT4ggN0WC"},"game_pause_pressed":{"__uuid__":"23D2XsChpIZY4HYYApKhaE"},"game_resume_nor":{"__uuid__":"4cFYbVtxJFz6NQAf0nrUgf"},"game_resume_pressed":{"__uuid__":"c6Vz+cMclFaYlJKKFo/zzB"},"hero1":{"__uuid__":"ccuzMI4xtCWKPWpVN6Qqmf"},"hero2":{"__uuid__":"c1JGWqw6FBKLwRHqI8oUnt"},"hero_blowup_n1":{"__uuid__":"d61oYJh/5EQ7EO3BD+roM6"},"hero_blowup_n2":{"__uuid__":"bbVL3vbXNOxrwWkVLGp6xB"},"hero_blowup_n3":{"__uuid__":"41P/QjUM9DSJoo/k7mwa03"},"hero_blowup_n4":{"__uuid__":"77bb93mUNDp7zFSFXhd+yi"},"ufo1":{"__uuid__":"7aELrfo8dNXoOAfWaSKa6k"},"ufo2":{"__uuid__":"ffqwzpj15KDIn8HnOpe8Dl"}}},[{"__type__":"cc.Prefab","_name":"enemy2","data":{"__id__":1}},{"__type__":"cc.Node","_name":"enemy2","_components":[{"__type__":"cc.Sprite","node":{"__id__":1},"_spriteFrame":{"__uuid__":"7fuBjTAvJNX4I8zvV/Jff6"}},{"__type__":"14abee9CoxCobWl/nmeEUv8","node":{"__id__":1},"yMinSpeed":-50,"yMaxSpeed":-150,"initHP":4,"initSpriteFrame":{"__uuid__":"7fuBjTAvJNX4I8zvV/Jff6"},"score":4000,"enemyDownClip":{"__uuid__":"cachN+XThAPIRQfHiFMHvT"}},{"__type__":"cc.PolygonCollider","node":{"__id__":1},"points":[{"__type__":"cc.Vec2","x":-34.4,"y":-17.8},{"__type__":"cc.Vec2","x":-34.4,"y":12.4},{"__type__":"cc.Vec2","x":-2.5,"y":42.2},{"__type__":"cc.Vec2","x":3,"y":42},{"__type__":"cc.Vec2","x":34.4,"y":12.7},{"__type__":"cc.Vec2","x":34.4,"y":-17},{"__type__":"cc.Vec2","x":6.4,"y":-44.4},{"__type__":"cc.Vec2","x":-5.2,"y":-44.1}]},{"__type__":"cc.Animation","node":{"__id__":1},"_clips":[{"__uuid__":"51bzD2wepKAYeNGBLmJdC9"}]}],"_prefab":{"__type__":"cc.PrefabInfo","root":{"__id__":1},"asset":{"__uuid__":"eb/7Jsz/FOV5PagAsy94sE"},"fileId":"4cf932v2l9P1JznQgJBit92"},"_contentSize":{"__type__":"cc.Size","width":69,"height":89},"_trs":{"__type__":"TypedArray","ctor":"Float64Array","array":[0,0,0,0,0,0,1,1,1,1]},"_groupIndex":2,"groupIndex":2}],{"__type__":"cc.SpriteFrame","content":{"name":"enemy1_down1","texture":"24dN97luRPr5+4a08L88m0","rect":[134,2,51,39],"offset":[0,-2],"originalSize":[57,51],"capInsets":[0,0,0,0]}},{"__type__":"cc.SpriteFrame","content":{"name":"enemy3_down5","texture":"24dN97luRPr5+4a08L88m0","rect":[2,498,166,256],"offset":[0,2],"originalSize":[166,260],"rotated":1,"capInsets":[0,0,0,0]}},{"__type__":"cc.SpriteFrame","content":{"name":"bomb","texture":"24dN97luRPr5+4a08L88m0","rect":[495,2,63,53],"offset":[0,0],"originalSize":[63,57],"capInsets":[0,0,0,0]}},{"__type__":"cc.SpriteFrame","content":{"name":"ufo2","texture":"24dN97luRPr5+4a08L88m0","rect":[650,2,60,103],"offset":[0,0],"originalSize":[60,107],"rotated":1,"capInsets":[0,0,0,0]}}]