[{"__type__":"cc.SpriteFrame","content":{"name":"game_loading2","texture":"4eWyLrvmtMapd5Dqgehwiy","rect":[52,1901,108,37],"offset":[-35,0],"originalSize":[186,37],"rotated":1,"capInsets":[0,0,0,0]}},{"__type__":"cc.SpriteFrame","content":{"name":"background","texture":"4eWyLrvmtMapd5Dqgehwiy","rect":[2,856,480,852],"offset":[0,0],"originalSize":[480,852],"capInsets":[0,0,0,0]}},{"__type__":"cc.SpriteFrame","content":{"name":"default_btn_disabled","texture":"71VhFCTINJM6/Ky3oX9nBT","rect":[0,0,40,40],"offset":[0,0],"originalSize":[40,40],"capInsets":[12,12,12,12]}},[{"__type__":"cc.SceneAsset","_name":"start","scene":{"__id__":1},"asyncLoadAssets":null},{"__type__":"cc.Scene","_name":"New Node","_children":[{"__id__":2}],"_anchorPoint":{"__type__":"cc.Vec2"},"_trs":{"__type__":"TypedArray","ctor":"Float64Array","array":[0,0,0,0,0,0,1,1,1,1]},"autoReleaseAssets":false},{"__type__":"cc.Node","_name":"Canvas","_parent":{"__id__":1},"_children":[{"__id__":3},{"__id__":4},{"__id__":5},{"__id__":6},{"__id__":7}],"_components":[{"__type__":"cc.Canvas","node":{"__id__":2},"_designResolution":{"__type__":"cc.Size","width":640,"height":1136},"_fitWidth":true}],"_color":{"__type__":"cc.Color","r":252,"g":252,"b":252},"_contentSize":{"__type__":"cc.Size","width":640,"height":1136},"_trs":{"__type__":"TypedArray","ctor":"Float64Array","array":[320,568,0,0,0,0,1,1,1,1]},"_id":"a286bbGknJLZpRpxROV6M94"},{"__type__":"cc.Node","_name":"background","_parent":{"__id__":2},"_components":[{"__type__":"cc.Widget","node":{"__id__":3},"_wasAlignOnce":{},"isAlignOnce":{},"_alignFlags":45,"_originalWidth":200,"_originalHeight":150},{"__type__":"cc.Sprite","node":{"__id__":3},"_spriteFrame":{"__uuid__":"21qwDRF4pKwroqAy8Pi757"},"_type":1,"_sizeMode":0}],"_contentSize":{"__type__":"cc.Size","width":640,"height":1136},"_trs":{"__type__":"TypedArray","ctor":"Float64Array","array":[0,0,0,0,0,0,1,1,1,1]}},{"__type__":"cc.Node","_name":"banner","_parent":{"__id__":2},"_components":[{"__type__":"cc.Sprite","node":{"__id__":4},"_spriteFrame":{"__uuid__":"dcOVeZLg5KfbDS4ZF0LzJm"}},{"__type__":"cc.Widget","node":{"__id__":4},"_wasAlignOnce":{},"isAlignOnce":{},"_alignFlags":17,"_left":108.5,"_right":102.5,"_top":150,"_originalWidth":429}],"_contentSize":{"__type__":"cc.Size","width":429,"height":189},"_trs":{"__type__":"TypedArray","ctor":"Float64Array","array":[0,323.5,0,0,0,0,1,1,1,1]}},{"__type__":"cc.Node","_name":"game_loading","_parent":{"__id__":2},"_components":[{"__type__":"cc.Sprite","node":{"__id__":5},"_spriteFrame":{"__uuid__":"8dkXYV1rJF+ZIuClEXO8sC"}},{"__type__":"cc.Animation","node":{"__id__":5},"_defaultClip":{"__uuid__":"77PCa/Jf9Md4p8AMmPyqtd"},"_clips":[{"__uuid__":"77PCa/Jf9Md4p8AMmPyqtd"}],"playOnLoad":true}],"_contentSize":{"__type__":"cc.Size","width":48,"height":36},"_trs":{"__type__":"TypedArray","ctor":"Float64Array","array":[0,0,0,0,0,0,1,1,1,1]}},{"__type__":"cc.Node","_name":"start","_parent":{"__id__":2},"_components":[{"__type__":"280c3rsZJJKnZ9RqbALVwtK","node":{"__id__":6},"game_loading":{"__id__":5}}],"_trs":{"__type__":"TypedArray","ctor":"Float64Array","array":[0,0,0,0,0,0,1,1,1,1]}},{"__type__":"cc.Node","_name":"Button","_parent":{"__id__":2},"_children":[{"__id__":8}],"_components":[{"__type__":"cc.Sprite","node":{"__id__":7},"_spriteFrame":{"__uuid__":"59uEnPkV1A57+Y3BBxPvYa"},"_type":1,"_sizeMode":0,"_fillRange":1},{"__type__":"cc.Button","node":{"__id__":7},"clickEvents":[{"__type__":"cc.ClickEvent","target":{"__id__":6},"component":"start","handler":"startGame"}],"_N$transition":1,"transition":1,"_N$normalColor":{"__type__":"cc.Color","r":196,"g":201,"b":202},"_N$pressedColor":{"__type__":"cc.Color","r":196,"g":201,"b":202},"pressedColor":{"__type__":"cc.Color","r":196,"g":201,"b":202},"_N$hoverColor":{"__type__":"cc.Color","r":196,"g":201,"b":202},"hoverColor":{"__type__":"cc.Color","r":196,"g":201,"b":202},"_N$disabledColor":{"__type__":"cc.Color","r":196,"g":201,"b":202},"_N$pressedSprite":{"__uuid__":"e97GVMl6JHh5Ml5qEDdSGa"},"pressedSprite":{"__uuid__":"e97GVMl6JHh5Ml5qEDdSGa"},"_N$hoverSprite":{"__uuid__":"e97GVMl6JHh5Ml5qEDdSGa"},"hoverSprite":{"__uuid__":"e97GVMl6JHh5Ml5qEDdSGa"},"_N$disabledSprite":{"__uuid__":"29FYIk+N1GYaeWH/q1NxQO"},"_N$target":{"__id__":7}},{"__type__":"cc.Widget","node":{"__id__":7},"_wasAlignOnce":{},"isAlignOnce":{},"_alignFlags":16}],"_color":{"__type__":"cc.Color","r":196,"g":201,"b":202},"_contentSize":{"__type__":"cc.Size","width":200,"height":50},"_trs":{"__type__":"TypedArray","ctor":"Float64Array","array":[0,-253,0,0,0,0,1,1,1,1]}},{"__type__":"cc.Node","_name":"Label","_parent":{"__id__":7},"_components":[{"__type__":"cc.Label","node":{"__id__":8},"_useOriginalSize":false,"_string":"开始游戏","_N$string":"开始游戏","_fontSize":20,"_enableWrapText":false,"_N$horizontalAlign":1,"_N$verticalAlign":1,"_N$overflow":1}],"_color":{"__type__":"cc.Color"},"_contentSize":{"__type__":"cc.Size","width":160,"height":40},"_trs":{"__type__":"TypedArray","ctor":"Float64Array","array":[0,0,0,0,0,0,1,1,1,1]}}],{"__type__":"cc.SpriteFrame","content":{"name":"game_loading3","texture":"4eWyLrvmtMapd5Dqgehwiy","rect":[433,1748,176,36],"offset":[4,0],"originalSize":[186,38],"rotated":1,"capInsets":[0,0,0,0]}},{"__type__":"cc.SpriteFrame","content":{"name":"btnbg","texture":"1fn6SitYxPc4zLOn+6uv3c","rect":[1,1,98,38],"offset":[0,0],"originalSize":[100,40],"capInsets":[17,0,16,0]}},{"__type__":"cc.AnimationClip","_name":"game_loading","_duration":1.8,"sample":20,"wrapMode":2,"curveData":{"comps":{"cc.Sprite":{"spriteFrame":[{"frame":0,"value":{"__uuid__":"8dkXYV1rJF+ZIuClEXO8sC"}},{"frame":0.5,"value":{"__uuid__":"10+QsBNPBPiqq+K3PiWuwu"}},{"frame":1,"value":{"__uuid__":"52o9BDwW1Ba4V0Acisntkj"}},{"frame":1.5,"value":{"__uuid__":"d8xAJMo41DHoaUJx8kP1mE"}},{"frame":1.75,"value":{"__uuid__":"d8xAJMo41DHoaUJx8kP1mE"}}]}},"props":{"x":[{"frame":0,"value":-96,"curve":"constant"},{"frame":0.5,"value":-48,"curve":"constant"},{"frame":1,"value":0},{"frame":1.5,"value":0}]}}},{"__type__":"cc.SpriteFrame","content":{"name":"game_loading1","texture":"4eWyLrvmtMapd5Dqgehwiy","rect":[433,1710,48,36],"offset":[-69,0],"originalSize":[186,38],"capInsets":[0,0,0,0]}},{"__type__":"cc.SpriteFrame","content":{"name":"game_loading4","texture":"4eWyLrvmtMapd5Dqgehwiy","rect":[484,2,2,4],"offset":[-51,-8],"originalSize":[114,28],"rotated":1,"capInsets":[0,0,0,0]}},{"__type__":"cc.SpriteFrame","content":{"name":"shoot_copyright","texture":"4eWyLrvmtMapd5Dqgehwiy","rect":[2,1710,429,189],"offset":[-1,-15],"originalSize":[441,225],"capInsets":[0,0,0,0]}},{"__type__":"cc.SpriteFrame","content":{"name":"default_btn_pressed","texture":"b4P/PCArtIdIH38t6mlw8Y","rect":[0,0,40,40],"offset":[0,0],"originalSize":[40,40],"capInsets":[12,12,12,12]}}]